,ICP,MLS
0,1900.1320333768035,-0.0010749752054920187
1,2244.1664011946277,-0.001895960745488293
2,2457.6664137046255,-0.002438119920636358
3,2591.300827705082,-0.0027790209855687725
4,2675.5440940676053,-0.0029958785529562468
5,2728.1006850867307,-0.0031353300029153043
6,2760.7667949408396,-0.0032267340648963663
7,2781.0382186206552,-0.0032875577863857486
