,ICP,MLS
0,1897.925867102773,-0.001032698279761645
1,2240.379621735882,-0.0018390184540243587
2,2452.263521496015,-0.002362138460912859
3,2584.928863107316,-0.0026882437531427243
4,2667.597917785022,-0.0028939411625107337
5,2719.0303906066756,-0.0030249161526846825
6,2750.966379081154,-0.003109891692937542
7,2770.7710712216867,-0.003165793633496022
