,ICP,MLS
0,1915.8639198221385,-0.0012019150159398625
1,2271.0021187555503,-0.0021676465405067982
2,2493.2320420742194,-0.0028012663425771977
3,2634.284110167712,-0.003195545070541417
4,2723.1385748375865,-0.0034438768823006147
5,2778.8811236576316,-0.0036017761118027855
6,2813.6782968758544,-0.0037043533402239337
7,2835.662455141003,-0.003772046096692366
