,ICP,MLS
0,1894.9582907707354,-0.001017222780888417
1,2235.908517621638,-0.0018151417653904918
2,2447.0185768999063,-0.002333444405677294
3,2578.527372255717,-0.002656382749685523
4,2660.39877246441,-0.002859605336154699
5,2711.541428502623,-0.0029886302229177116
6,2743.373594256794,-0.003072042271002748
7,2763.1078315713553,-0.003126732018297454
