,ICP,MLS
0,1895.5335942650443,-0.0010594999224794975
1,2237.523089420218,-0.001881893363812979
2,2449.1911757477787,-0.002416461113488832
3,2581.051306019964,-0.0027509204591582605
4,2663.8492233172824,-0.0029621398072728605
5,2715.5869326976663,-0.003096724387614329
6,2747.954208310909,-0.0031840883804404962
7,2768.036370998292,-0.0032415488129842376
