,ICP,MLS
0,1896.220094518372,-0.0010711048318784108
1,2238.4327590738017,-0.001900835982041197
2,2451.3288782680247,-0.0024393298196941355
3,2584.156520398169,-0.002776792339541108
4,2667.0499983209897,-0.0029895984889445593
5,2718.6993454859494,-0.0031267091434271387
6,2750.8216216022643,-0.0032151746818068466
7,2770.7632901587513,-0.003273045103263576
