,ICP,MLS
0,1895.7618399818634,-0.001108252062799008
1,2238.4889229468245,-0.001970080800191614
2,2450.2615911250937,-0.0025279197281510087
3,2582.9027911801695,-0.0028750385604843372
4,2666.3985002100612,-0.0030930459277937338
5,2718.5535149378566,-0.00323106178228631
6,2751.0549032611234,-0.0033199843231683113
7,2771.270504306116,-0.0033780558767434426
