,ICP,MLS
0,1689.7256990371882,-0.0007258070536255256
1,1956.7608216681513,-0.0013443525135380617
2,2158.407452696483,-0.0018394572591344833
3,2312.3673464188946,-0.0022250009658064274
4,2429.6609620569625,-0.00252239611228465
5,2518.981823201502,-0.0027512897713049575
6,2587.8148174444673,-0.0029276693370125922
7,2640.660652331373,-0.003063982275892799
