,ICP,MLS
0,1901.89934313035,-0.001099084716151944
1,2247.723839359997,-0.0019499600391932423
2,2462.3649326164928,-0.0025053778463534414
3,2597.165821735765,-0.0028541811041684277
4,2681.3885975719973,-0.003075721323864762
5,2733.8787051670365,-0.003218259048498659
6,2766.4945017165637,-0.00331197041388729
7,2786.7119195216833,-0.0033746627267763666
