,ICP,MLS
0,1899.3545618136097,-0.0011293169943655834
1,2244.177632305575,-0.002000071225180382
2,2458.6338507855185,-0.002567555008180052
3,2592.468112513814,-0.00292519981449662
4,2676.5602787705293,-0.0031527674696424524
5,2729.0008554566493,-0.0032989847715188267
6,2761.5964205372593,-0.003394738730083953
7,2781.8043643728256,-0.0034584111340286525
