,ICP,MLS
0,1688.3315263415739,-0.000710756178706905
1,1954.1008173057567,-0.0013127920608358705
2,2154.135088393754,-0.0017932169997839271
3,2306.901083158533,-0.002166870475010191
4,2423.405999325528,-0.002455053339673055
5,2512.907697968766,-0.002677016993918054
6,2581.1753402350255,-0.0028483113518860946
7,2633.184836580919,-0.002980958376755353
