,ICP,MLS
0,1862.1486197213264,-0.0010506873221205063
1,2194.9925853901505,-0.0018436581084796157
2,2410.049820516459,-0.0023738637428181507
3,2548.9678712806444,-0.002728119408283637
4,2639.2627980701227,-0.0029597875731897753
5,2697.6540524597135,-0.003112556483086524
6,2735.269564799163,-0.0032147328611821413
7,2759.662386420073,-0.0032839413786171045
