,ICP,MLS
0,1689.341635177964,-0.0007207605628040295
1,1955.5648897546034,-0.0013340386903170022
2,2156.53511829798,-0.0018222341739816258
3,2309.99452049359,-0.0021999798696883737
4,2427.6601460849083,-0.0024895258697244984
5,2517.4351137139515,-0.0027110583241975374
6,2585.860753560594,-0.0028808313574757577
7,2638.2610550833506,-0.0030113516943233104
