,ICP,MLS
0,1912.7242288503721,-0.0012019491365291876
1,2267.409497936002,-0.002063167739682502
2,2488.2494685742295,-0.002666800175772964
3,2627.6932833799024,-0.003043997172011395
4,2715.982152573493,-0.003282517078510899
5,2771.9137387433766,-0.003436164717008477
6,2807.0345853447725,-0.0035379845682954854
7,2829.016954754814,-0.0036059941979871505
