,mls,icp,abp
0,2.1597005614472864,36.28466188396751,107.11553337492214
1,1.0,25.537692696061942,108.42952036351437
2,3.4195046439628483,21.06411713106294,102.2747471620225
3,5.0,11.213327188940088,95.33928571428558
4,5.0,18.751201923076913,107.53456730769228
5,5.0,16.71636363636364,85.67374999999998
6,14.0,22.102005649717512,103.476581920904
7,3.5,18.068668615984407,99.565828460039
8,5.5,13.591142241379318,80.99456896551723
9,-3.0,20.660367383512536,103.05521505376343
