,ICP,MLS
0,1691.0139840914326,-0.0007826378451450984
1,1959.0103884763207,-0.0014484077932258508
2,2161.9853738371935,-0.0019807933719413755
3,2316.6786854724955,-0.002394972120294569
4,2435.1544101013988,-0.0027140824583101195
5,2525.954836934729,-0.0029594014574630657
6,2595.5653433571783,-0.0031482361154998393
7,2649.3955743957995,-0.0032940117578290178
