,ICP,MLS
0,1887.480461761556,-0.0010701021664525777
1,2224.3068679330117,-0.0018955435634202987
2,2432.415189744311,-0.0024262524423877625
3,2561.4219402906256,-0.0027538058251846344
4,2641.289272413845,-0.0029575449325727463
5,2690.54761362266,-0.003085226565986071
6,2721.403861482127,-0.0031665190394921435
7,2740.7763415932427,-0.003218930630352739
