,ICP,MLS
0,1895.5829234070839,-0.0009973035370075152
1,2236.8052085208274,-0.0017462617448474609
2,2448.2218170250585,-0.0022501345660191985
3,2580.9792663732783,-0.0025680080189963723
4,2663.862804585611,-0.0027707179031895854
5,2715.4150186973175,-0.0029015783501267368
6,2747.3673456963575,-0.0029877124238062974
7,2767.327671845011,-0.003045309787259672
